{
  "ensemble_weights": {
    "catboost": 1.0
  },
  "algorithm_results": {
    "catboost": {
      "best_params": {
        "depth": 5,
        "l2_leaf_reg": 3.1749941095798633,
        "learning_rate": 0.11680434866488863,
        "iterations": 900,
        "subsample": 0.8,
        "colsample_bylevel": 0.6
      },
      "metrics": {
        "train_mae": 17235.409442885964,
        "train_rmse": 44016.69739683915,
        "train_r2": -0.0005163462572834732,
        "val_mae": 17025.257420340127,
        "val_rmse": 36310.39578330249,
        "val_r2": 0.0012968814613799617
      },
      "cv_score": 20318.921716984252
    }
  },
  "test_metrics": {
    "mae": 19599.641549307245,
    "rmse": 58267.860325873495,
    "r2": -0.0034012155623295293,
    "mape": 80324502070.17503,
    "mean_residual": 2587.320821524711,
    "std_residual": 58210.38840208857,
    "correlation": -0.1490178068049126,
    "hit_rate": 0.45169082125603865,
    "actual_sharpe": 0.7006141527414934,
    "predicted_sharpe": -1.164680463512081,
    "max_drawdown_actual": -665592.552467,
    "max_drawdown_predicted": -8842.282956645544,
    "profit_factor_actual": 1.3017543250595143,
    "profit_factor_predicted": 0.24160041127423706,
    "win_rate_actual": 0.4227053140096618,
    "win_rate_predicted": 0.028985507246376812,
    "avg_win_actual": 26200.417565248565,
    "avg_loss_actual": -18835.433749019252,
    "avg_win_predicted": 220.44396283532708,
    "avg_loss_predicted": -27.236778142671312
  }
}
