{
  "baseline_results": {
    "original_pnl_rf": {
      "type": "regression",
      "mae": 61690.431384000025,
      "r2": -1.5365676816522478,
      "hit_rate": 0.4752475247524752,
      "target": "target_next_pnl",
      "feature_count": 20
    },
    "original_direction_rf": {
      "type": "classification",
      "accuracy": 0.5863586358635864,
      "improvement_vs_random": 8.635863586358639,
      "target": "next_day_direction",
      "feature_count": 20
    }
  },
  "improved_results": {
    "direction_5d_rf": {
      "type": "classification",
      "accuracy": 0.713971397139714,
      "class_balance": 0.36743674367436746,
      "improvement_vs_random": 21.397139713971402
    },
    "pnl_3d_rf": {
      "type": "regression",
      "mae": 7750.515479375289,
      "r2": 0.25380579514727486,
      "actual_snr": 0.07398757629583437,
      "predicted_snr": 0.21071687985317103
    },
    "top_quartile_lr": {
      "type": "classification",
      "accuracy": 0.39053905390539057,
      "class_balance": 0.25962596259625964,
      "improvement_vs_random": -10.946094609460943
    }
  },
  "improvements": {
    "pnl_prediction": {
      "original_r2": -1.5365676816522478,
      "improved_r2": 0.25380579514727486,
      "r2_improvement_pct": 116.5177101001084,
      "original_mae": 61690.431384000025,
      "improved_mae": 7750.515479375289,
      "mae_improvement_pct": 87.4364381874213
    },
    "direction_prediction": {
      "original_accuracy": 0.5863586358635864,
      "improved_accuracy": 0.713971397139714,
      "accuracy_improvement_pct": 21.763602251407132,
      "original_vs_random": 8.635863586358639,
      "improved_vs_random": 21.397139713971402
    },
    "feature_engineering": {
      "original_feature_count": 20,
      "improved_feature_count": 44,
      "new_feature_types": [
        "Cross-sectional (trader vs market comparison)",
        "Behavioral (win streaks, loss aversion)",
        "Market regime (volatility, calendar effects)",
        "Risk-adjusted (outlier treatment, normalization)",
        "Multi-timeframe (3d, 5d, 7d smoothing)"
      ]
    },
    "trading_strategy": {
      "baseline_total_pnl": 679445.5446107001,
      "enhanced_total_pnl": 3368109.0366255,
      "pnl_improvement_pct": 395.71434581344045,
      "baseline_sharpe": 0.013852965792669461,
      "enhanced_sharpe": 0.13924472417325703,
      "sharpe_improvement_pct": 905.1618278516274,
      "baseline_max_drawdown": -1123686.2176300003,
      "enhanced_max_drawdown": -249148.98303,
      "drawdown_improvement_pct": -77.82753057561857
    }
  },
  "causal_impact_summary": {
    "baseline_performance": {
      "total_pnl": 679445.5446107001,
      "mean_daily_pnl": 747.4648455563257,
      "volatility": 53957.02672838525,
      "sharpe_ratio": 0.013852965792669461,
      "hit_rate": 0.42024202420242024,
      "max_drawdown": -1123686.2176300003,
      "profit_factor": 1.0764765494433226
    },
    "best_enhanced_performance": {
      "total_pnl": 3368109.0366255,
      "mean_daily_pnl": 3705.2904693349833,
      "volatility": 26609.916398594632,
      "sharpe_ratio": 0.13924472417325703,
      "hit_rate": 0.42024202420242024,
      "max_drawdown": -249148.98303,
      "profit_factor": 2.2583920507150004,
      "trading_frequency": 0.25412541254125415,
      "avg_position_size": 0.4920526063962672
    },
    "key_improvements": {
      "total_pnl": {
        "baseline": 679445.5446107001,
        "enhanced": 3368109.0366255,
        "improvement_pct": 395.71434581344045,
        "absolute_improvement": 2688663.4920147997
      },
      "mean_daily_pnl": {
        "baseline": 747.4648455563257,
        "enhanced": 3705.2904693349833,
        "improvement_pct": 395.7143458134405,
        "absolute_improvement": 2957.8256237786577
      },
      "volatility": {
        "baseline": 53957.02672838525,
        "enhanced": 26609.916398594632,
        "improvement_pct": -50.68313060957469,
        "absolute_improvement": -27347.11032979062
      },
      "sharpe_ratio": {
        "baseline": 0.013852965792669461,
        "enhanced": 0.13924472417325703,
        "improvement_pct": 905.1618278516274,
        "absolute_improvement": 0.12539175838058758
      },
      "hit_rate": {
        "baseline": 0.42024202420242024,
        "enhanced": 0.42024202420242024,
        "improvement_pct": 0.0,
        "absolute_improvement": 0.0
      },
      "max_drawdown": {
        "baseline": -1123686.2176300003,
        "enhanced": -249148.98303,
        "improvement_pct": 77.82753057561857,
        "absolute_improvement": 874537.2346000003
      },
      "profit_factor": {
        "baseline": 1.0764765494433226,
        "enhanced": 2.2583920507150004,
        "improvement_pct": 109.79482106534329,
        "absolute_improvement": 1.1819155012716778
      }
    }
  }
}
