{
  "test_performance": {
    "direction_5d_rf": {
      "type": "classification",
      "accuracy": 0.713971397139714,
      "class_balance": 0.36743674367436746,
      "improvement_vs_random": 21.397139713971402
    },
    "pnl_3d_rf": {
      "type": "regression",
      "mae": 7750.515479375289,
      "r2": 0.25380579514727486,
      "actual_snr": 0.07398757629583437,
      "predicted_snr": 0.21071687985317103
    },
    "top_quartile_lr": {
      "type": "classification",
      "accuracy": 0.39053905390539057,
      "class_balance": 0.25962596259625964,
      "improvement_vs_random": -10.946094609460943
    }
  },
  "causal_impact": {
    "baseline_performance": {
      "total_pnl": 679445.5446107001,
      "mean_daily_pnl": 747.4648455563257,
      "volatility": 53957.02672838525,
      "sharpe_ratio": 0.013852965792669461,
      "hit_rate": 0.42024202420242024,
      "max_drawdown": -1123686.2176300003,
      "profit_factor": 1.0764765494433226
    },
    "enhanced_scenarios": {
      "direction_following": {
        "total_pnl": -1556607.96214162,
        "mean_daily_pnl": -1712.4400023560177,
        "volatility": 47304.80531486558,
        "sharpe_ratio": -0.03620012789232813,
        "hit_rate": 0.42024202420242024,
        "max_drawdown": -2007674.100017819,
        "profit_factor": 0.8029894598849486,
        "signal_accuracy": 0.713971397139714
      },
      "position_sizing": {
        "total_pnl": 1553580.3929006911,
        "mean_daily_pnl": 1709.1093431250727,
        "volatility": 60925.575792196105,
        "sharpe_ratio": 0.028052411829909012,
        "hit_rate": 0.42024202420242024,
        "max_drawdown": -1014941.0268519213,
        "profit_factor": 1.166065107618682,
        "avg_position_size": 1.172439151453188
      },
      "risk_management": {
        "total_pnl": 3368109.0366255,
        "mean_daily_pnl": 3705.2904693349833,
        "volatility": 26609.916398594632,
        "sharpe_ratio": 0.13924472417325703,
        "hit_rate": 0.42024202420242024,
        "max_drawdown": -249148.98303,
        "profit_factor": 2.2583920507150004,
        "trading_frequency": 0.25412541254125415,
        "avg_position_size": 0.4920526063962672
      }
    },
    "improvements": {
      "direction_following": {
        "total_pnl": {
          "baseline": 679445.5446107001,
          "enhanced": -1556607.96214162,
          "improvement_pct": -329.0997379390434,
          "absolute_improvement": -2236053.50675232
        },
        "mean_daily_pnl": {
          "baseline": 747.4648455563257,
          "enhanced": -1712.4400023560177,
          "improvement_pct": -329.0997379390434,
          "absolute_improvement": -2459.9048479123435
        },
        "volatility": {
          "baseline": 53957.02672838525,
          "enhanced": 47304.80531486558,
          "improvement_pct": -12.32873977101508,
          "absolute_improvement": -6652.22141351967
        },
        "sharpe_ratio": {
          "baseline": 0.013852965792669461,
          "enhanced": -0.03620012789232813,
          "improvement_pct": -361.3168070586304,
          "absolute_improvement": -0.050053093684997586
        },
        "hit_rate": {
          "baseline": 0.42024202420242024,
          "enhanced": 0.42024202420242024,
          "improvement_pct": 0.0,
          "absolute_improvement": 0.0
        },
        "max_drawdown": {
          "baseline": -1123686.2176300003,
          "enhanced": -2007674.100017819,
          "improvement_pct": -78.66857032849114,
          "absolute_improvement": -883987.8823878188
        },
        "profit_factor": {
          "baseline": 1.0764765494433226,
          "enhanced": 0.8029894598849486,
          "improvement_pct": -25.405763804125797,
          "absolute_improvement": -0.273487089558374
        }
      },
      "position_sizing": {
        "total_pnl": {
          "baseline": 679445.5446107001,
          "enhanced": 1553580.3929006911,
          "improvement_pct": 128.65414384177637,
          "absolute_improvement": 874134.848289991
        },
        "mean_daily_pnl": {
          "baseline": 747.4648455563257,
          "enhanced": 1709.1093431250727,
          "improvement_pct": 128.65414384177637,
          "absolute_improvement": 961.6444975687469
        },
        "volatility": {
          "baseline": 53957.02672838525,
          "enhanced": 60925.575792196105,
          "improvement_pct": 12.914998261282804,
          "absolute_improvement": 6968.549063810853
        },
        "sharpe_ratio": {
          "baseline": 0.013852965792669461,
          "enhanced": 0.028052411829909012,
          "improvement_pct": 102.50112683273525,
          "absolute_improvement": 0.014199446037239551
        },
        "hit_rate": {
          "baseline": 0.42024202420242024,
          "enhanced": 0.42024202420242024,
          "improvement_pct": 0.0,
          "absolute_improvement": 0.0
        },
        "max_drawdown": {
          "baseline": -1123686.2176300003,
          "enhanced": -1014941.0268519213,
          "improvement_pct": 9.677540675673379,
          "absolute_improvement": 108745.19077807898
        },
        "profit_factor": {
          "baseline": 1.0764765494433226,
          "enhanced": 1.166065107618682,
          "improvement_pct": 8.32238827884252,
          "absolute_improvement": 0.08958855817535949
        }
      },
      "risk_management": {
        "total_pnl": {
          "baseline": 679445.5446107001,
          "enhanced": 3368109.0366255,
          "improvement_pct": 395.71434581344045,
          "absolute_improvement": 2688663.4920147997
        },
        "mean_daily_pnl": {
          "baseline": 747.4648455563257,
          "enhanced": 3705.2904693349833,
          "improvement_pct": 395.7143458134405,
          "absolute_improvement": 2957.8256237786577
        },
        "volatility": {
          "baseline": 53957.02672838525,
          "enhanced": 26609.916398594632,
          "improvement_pct": -50.68313060957469,
          "absolute_improvement": -27347.11032979062
        },
        "sharpe_ratio": {
          "baseline": 0.013852965792669461,
          "enhanced": 0.13924472417325703,
          "improvement_pct": 905.1618278516274,
          "absolute_improvement": 0.12539175838058758
        },
        "hit_rate": {
          "baseline": 0.42024202420242024,
          "enhanced": 0.42024202420242024,
          "improvement_pct": 0.0,
          "absolute_improvement": 0.0
        },
        "max_drawdown": {
          "baseline": -1123686.2176300003,
          "enhanced": -249148.98303,
          "improvement_pct": 77.82753057561857,
          "absolute_improvement": 874537.2346000003
        },
        "profit_factor": {
          "baseline": 1.0764765494433226,
          "enhanced": 2.2583920507150004,
          "improvement_pct": 109.79482106534329,
          "absolute_improvement": 1.1819155012716778
        }
      }
    }
  }
}
